99.10165451353436, 0.024449625270454467
99.25853600798173, 0.028919366932631307
99.5077049781741, 0.03661045180929645
99.62765024772384, 0.03682900484260965
99.95050436765307, 0.02689036282275792
100.1534034174481, 0.015365790226638198
100.35631145111223, 0.0050946470448935965
100.55925542025268, -0.00016277847935075584
100.76225329260762, 0.002100372482655377
100.96532984187665, 0.015340526497824802
101.16657174895984, 0.030065948197386616
101.37149274099917, 0.04318821207111845
101.53762979850907, 0.05172138494310641
101.85125013445234, 0.04075792847556525
102.05408548044844, 0.020345401850240474
102.25691755958304, -0.0005229172894025691
102.45978802434009, -0.016035674385806775
102.66273689377277, -0.020609411138573952
102.86583195525688, -0.004786432875601099
103.04791829722863, 0.02223766136096539
103.21680068512175, 0.046007121508868654
103.41994679131656, 0.06895185780806345
103.59664660373167, 0.08003176388669209
103.79823066885818, 0.06893663423354557
103.95690638488651, 0.03767556480832002
104.08383284020061, 0.010697034474121958
104.23126757773927, -0.015572020496012362
104.4155764869195, -0.046247557124730054
104.6184574056333, -0.06030177817531568
104.78992773119028, -0.043255462959185254
104.92326075466835, -0.014138520805448307
105.02496653762549, 0.01585231737380277
105.1174141440309, 0.04141509033178825
105.22834952628, 0.07184689445229253
105.35775189313287, 0.10424693594776135
105.52586395508796, 0.13087818355709324
105.7195897122822, 0.1267685545700763
105.86117782767865, 0.0939216354622957
105.96636431802105, 0.05785245634461367
106.0307210128485, 0.02598942776256119
106.13197865046958, -0.00654497134526455
106.18713241954019, -0.035127474250175705
106.2945495475353, -0.06647159455402929
106.38044431983204, -0.09697841825940445
106.53094209470024, -0.1249834141027153
106.70318190225603, -0.12317637300728612
106.81411843957402, -0.09258341367636214
106.88814372403908, -0.06275754329044836
106.96219775688523, -0.028920698778533982
107.02703209408557, 0.005856936503688015
107.10291748864415, 0.03775082168141575
107.1289337087519, 0.06317021475073337
107.18451258119806, 0.09389813480158504
107.24932670469296, 0.1258555539014633
107.31412585507273, 0.1557239239773831
107.38815892555768, 0.18663609985575536
107.55455324840948, 0.23106293323030214
107.71133265343548, 0.22128915882003497
107.81264449373334, 0.19631711717893907
107.84927097932649, 0.15735347804400746
107.87860990005116, 0.1314469702764376
107.93504677880328, 0.09570211195535228
107.97041246465646, 0.06701351128229294
108.0282887952525, 0.03210097422192959
108.06218987442836, -0.0009295500721020478
108.12007024776545, -0.035278043895996536
108.15217634989865, -0.06128921972762247
108.21190752860772, -0.094867893510306
108.26241965337593, -0.1274162458502266
108.32676961030158, -0.16021934649306058
108.4096360700618, -0.18414542620312413
108.46471392543866, -0.22331940765950464
108.62693025913792, -0.24689652993742395
108.75998899653685, -0.21926876076763668
108.83222783863488, -0.18123278397566067
108.88419293310585, -0.13979007611367367
108.93615518268494, -0.09874428756623899
108.9732727864546, -0.06918711871533323
108.99931676624247, -0.039894695074613074
109.03835368095086, -0.000009809505261859641
109.12163903143218, 0.03450774419303615
109.12726019349954, 0.08318786024725011
109.19980643568852, 0.12733307694622942
109.22407096769314, 0.16581149132277506
109.24275516941724, 0.19808586132388006
109.2891506768178, 0.23482341748511637
109.34111191571161, 0.27572819522343395
109.40047073443739, 0.3189251292979246
109.46537095334433, 0.362894580285564
109.60402288429087, 0.39852107685592
109.733002659276, 0.3719611009635121
109.7789192141561, 0.34187520147087747
109.8063716721046, 0.310223952629327
109.84303663860366, 0.2766291694859687
109.87969127365326, 0.2415929425160791
109.91631177000036, 0.20179368377156415
109.94832803344273, 0.1632482137961876
109.9665446247811, 0.13028158277906998
109.9985927809587, 0.09618578722472482
110.02138934875526, 0.0585811080196561
110.04790004767203, 0.024262911795138287
110.09003509241381, -0.01851019128586029
110.1320804981063, -0.07378973452362336
110.17242465845689, -0.10897248240900081
110.19067089656323, -0.13780279635868053
110.20431439907635, -0.1651704166368262
110.25298732477584, -0.196869277588815
110.28226476921712, -0.2313529564156418
110.31159976365825, -0.2578072592606053
110.35103614147086, -0.2909165541187515
110.37393883122097, -0.31371509836651446
110.41802267680825, -0.34204605293711854
110.49336814083499, -0.38548327556333306
110.63156107774296, -0.4138956272546854
110.77021954241246, -0.3773575456556928
110.84981976683662, -0.3420796885429631
110.85376727891142, -0.3062318947756466
110.89465089065418, -0.2661503844258488
110.93555103271605, -0.22376256395360095
110.95613921576101, -0.18329926552048414
111.0049092720584, -0.13708282909041802
111.02138830825065, -0.09065497227461283
111.02152306628689, -0.07185353105898673
111.05127302041224, -0.04041265876314859
111.05889057134819, -0.00743013399821435
111.08675943162866, 0.01901507051651996
111.10940498486399, 0.052288891675008164
111.13344410731531, 0.09609738595295414
111.15953182571151, 0.1314922202282317
111.18016536018321, 0.17828294971934378
111.2173677189146, 0.21966513083110406
111.23615144194397, 0.2658247133447862
111.27733082404708, 0.3103928835923392
111.3013975398106, 0.35805119678586583
111.32927897750778, 0.3862512024807252
111.3519329401335, 0.42069830178491396
111.38511372385484, 0.45267864918544454
111.39822388400678, 0.4796263754011715
111.43572429957416, 0.5102298099089435
111.45956903618666, 0.5425020075394454
111.49348245676234, 0.5686479008022491
111.52236153535642, 0.5978569462489021
111.55119873998444, 0.6212237359505863
111.63731953018527, 0.6367963847692659
111.73748205700554, 0.6114721267340706
111.75204039147539, 0.5844691337860017
111.79443065084985, 0.5569399398913173
111.81924572145772, 0.5209567729211362
111.83284505328119, 0.4874264580223132
111.864853830166, 0.44783646353495743
111.89589189999644, 0.40154069355164757
111.91046193887426, 0.37471615414877857
111.92866325763518, 0.33961869312722326
111.95587914036453, 0.2749604697071292
111.95606929892676, 0.30149139231140154
111.98329716014823, 0.23850440811047435
112.00132778539658, 0.1795917882157928
112.00153141976244, 0.20800285494162785
112.02873607265543, 0.14177784475356492
112.05610767578221, 0.09884573118263895
112.07422589375412, 0.05215404807811441
112.0923740579563, 0.00964046302150634
112.12433791549569, -0.0362166785377247
112.13797542876276, -0.06441991842545369
112.1423573109077, -0.09669608520037509
112.17434063349677, -0.13983746302846023
112.20168902829508, -0.18600760258652183
112.23459226913195, -0.2295292592079199
112.25641741116463, -0.273939988262093
112.27465002373619, -0.30467133682357495
112.30205531637202, -0.3429030900905947
112.33865485035793, -0.38562701746865113
112.35688536669336, -0.4166508328934877
112.39897479334437, -0.4657885720008128
112.4393572848697, -0.4956233543848565
112.46220326394622, -0.5263341718108623
112.51269560281229, -0.5616430532181564
112.64159887879099, -0.5988761704875156
112.78207032907709, -0.5668448811157498
112.82045001672167, -0.5328381336717496
112.84520357066668, -0.5119495599909023
112.87312393846324, -0.47831802683375124
112.90483220492723, -0.43110796250468053
112.9383923462714, -0.3829788603469735
112.95727733746949, -0.32269034293458554
112.96635553717725, -0.34337264698130077
112.98513365360685, -0.297995297268812
113.00387666639986, -0.25751560693471465
113.03173684227356, -0.2322820508538761
113.03194526803627, -0.20320248844037447
113.04543604477499, -0.15993035681484447
113.06953078165395, -0.10836253759076708
113.08829134626527, -0.06543401756747391
113.09775809831083, -0.03190549944246723
113.11089131706007, -0.001740637729844341
113.12586862466964, 0.028256956318956306
113.13523880012256, 0.04831110823943097
113.14841197569906, 0.08405074649027444
113.16348707914062, 0.1276928150212726
113.18592219593778, 0.16838576510511938
113.21041581660401, 0.23882662954822942
113.21203870264335, 0.2077971443037946
113.22918049882196, 0.2823296380531112
113.2575002744648, 0.37168655392435435
113.26253817156424, 0.33898954165249795
113.28540027882478, 0.4024769804089222
113.30414452274059, 0.4431284369961005
113.32587999577774, 0.47202527150529705
113.34154100077967, 0.5115941439182325
113.3509459887253, 0.5365053348194105
113.3788394049146, 0.5663765797334367
113.40685934392681, 0.6139002888999118
113.43474302759128, 0.642413651948365
113.47490953193078, 0.6682625192119023
113.49684551993482, 0.7251352019002758
113.53715239722872, 0.7705689037634237
113.55936248840788, 0.8002299159896574
113.65748608299704, 0.8249792876136958
113.74568767939505, 0.7963205625181102
113.78064893887056, 0.7592063936318272
113.78601680064727, 0.7357668323572975
113.82724602183364, 0.6953404995508317
113.85011307022218, 0.6675692725371103
113.8591397677614, 0.6397013859369151
113.87739229457608, 0.6117484725772977
113.89554663518827, 0.5700966202430728
113.92297857996904, 0.5355833742386994
113.96886189453353, 0.5008597859128767
113.97755288948383, 0.4261546741065959
113.99164858007411, 0.4618763343519956
113.99569880771875, 0.38332773169639445
114.00282541159952, 0.3478133233214794
114.01977857148259, 0.3102090992991109
114.03919011722968, 0.2723261437510075
114.05896733140361, 0.199643065298161
114.05926567072272, 0.24126736710053331
114.08631385456252, 0.15321179461210455
114.11366000339356, 0.10672829770044912
114.1223653725344, 0.03402867295716838
114.12256601227725, 0.062021929878211646
114.15633252592833, -0.008172786819319988
114.17337158871197, -0.0583113186751445
114.19519610187382, -0.10280978778832317
114.23135784336327, -0.20661452427117677
114.23154333886966, -0.18073419122007994
114.23181435225365, -0.14292240388643207
114.26795720622786, -0.2493623264952214
114.28613232203729, -0.2881156233087041
114.3043386318366, -0.3225167346556064
114.32260716324768, -0.3482366867251705
114.34076921917335, -0.38881209852066156
114.35900347878759, -0.41931365168950796
114.39194481122937, -0.4575207675939559
114.42118063136122, -0.4978118700693541
114.44583064835408, -0.5342778628626959
114.46876240199018, -0.5530214137371685
114.50538664161604, -0.5922984102256936
114.5512762448889, -0.6261445979614535
114.68946366896812, -0.6553260995207177
114.81881287153945, -0.6303435385856415
114.82825429763028, -0.6003484976668729
114.90249461741888, -0.5405208989411674
114.91194205414592, -0.5096872540570672
114.94902507001962, -0.4849557884515052
114.96246055318315, -0.4493982164358792
114.98647582560108, -0.40891727881752415
115.01439020415157, -0.376121365269956
115.01458335733685, -0.34917263286089173
115.02772352361151, -0.31803845240115236
115.05192930111234, -0.28775746639461963
115.06140503702699, -0.25297551885523784
115.08387234602168, -0.20779111336988043
115.09895087188957, -0.1636715479191202
115.11153128322795, -0.12481619435286184
115.13626986405782, -0.10601666969597323
115.13653713416302, -0.06872714461831486
115.15533812618519, -0.02015819223033377
115.18333585507662, 0.02426676088393598
115.19282331993146, 0.06068513015875188
115.21147383214651, 0.08825913985595046
115.21169380859803, 0.11895025437364859
115.23041482279521, 0.15636070061794294
115.2583812745128, 0.19642186243772175
115.26792172755843, 0.24023314409176844
115.28659694541345, 0.2712540846784983
115.30548103822463, 0.33141725914944875
115.31448073602874, 0.29978236950569404
115.32784624055617, 0.3623557429907589
115.36128883296445, 0.39408441761104285
115.3667914527774, 0.4262255183313599
115.38401539075267, 0.4754392147683668
115.42366300416374, 0.5147106015198888
115.44089040496897, 0.5582775618632014
115.47719691509162, 0.6033982178135504
115.50148210999514, 0.6447595198431586
115.52936803962687, 0.6735862402452055
115.55914282773318, 0.7084919495650663
115.58013030061599, 0.7377550752642663
115.68690916785567, 0.7700880870901341
115.79423346253694, 0.725791862837738
115.82471158064158, 0.6871898098880608
115.86133847264784, 0.6482828735123509
115.89426189724392, 0.6075772549752487
115.9161146197547, 0.5670145542232075
115.94355854302758, 0.5341725474380008
115.95254196291651, 0.5002665630696285
115.97684557475165, 0.4583792135805238
116.00123977393338, 0.42913061068636793
116.00252821049094, 0.3943478246525385
116.02535547317353, 0.3610256959465846
116.04355978655748, 0.3263460447298211
116.06175811069538, 0.2908307739034741
116.07685571658998, 0.2517942028637252
116.09350223777012, 0.21431683791765266
116.11016533632774, 0.17915234867667706
116.13137528867387, 0.1347285363711792
116.15265390344797, 0.09988450601840548
116.16620936404408, 0.06023327747938412
116.1890325839856, 0.026347105536961513
116.21647680672078, -0.0064531202677662325
116.22522805776444, -0.07275130193048862
116.2254531892456, -0.04134095767739887
116.26185882139048, -0.11111806991571771
116.28000645083856, -0.15370626386603825
116.30434653290412, -0.19050528680392986
116.33112225595882, -0.23075640621347415
116.352964237755, -0.2728176514653682
116.38582363731075, -0.32245604362891656
116.41693163158888, -0.3589959546703405
116.44894396458852, -0.3980898000145061
116.46259888410194, -0.4238645204118836
116.50845640212808, -0.4621872417704116
116.55431520356407, -0.500330901784029
116.68322351595423, -0.5368613389271477
116.81993676878855, -0.514264667117958
116.86811276674287, -0.4865676143498072
116.9052498355622, -0.45429468176775556
116.94979320605306, -0.41851272179307486
116.97961156592442, -0.3775278798134949
117.02051512185653, -0.3346637561637844
117.03556609719257, -0.294388040917108
117.07659692460336, -0.23376700056375066
117.1101202320843, -0.19077695900498126
117.11955778655535, -0.16132208647669355
117.13273855991827, -0.1245224050639786
117.16630759529284, -0.07515240778604038
117.18505693006779, -0.03379067453071616
117.20751884874103, 0.010641673306016397
117.23177080332894, 0.04736528650243699
117.24124204730904, 0.08152051933463111
117.26268750536612, 0.1312531651189528
117.287987364112, 0.16706348331809695
117.30668129836094, 0.2006957351847749
117.33466336786945, 0.24293589119482173
117.35333453050579, 0.2733910476708963
117.36748899057298, 0.317312225335333
117.40318086263765, 0.3624967612531602
117.42062745321168, 0.39373598723255154
117.44674041628001, 0.43265295816222293
117.46540081075104, 0.46160574021523404
117.48406180414668, 0.4906420842292034
117.52118464850662, 0.5209304202384946
117.53984114996771, 0.5493400495452764
117.57698046475433, 0.581926339480922
117.60039562523136, 0.6051731655992525
117.67223739300503, 0.6285366053836519
117.75803714946605, 0.5993186268242392
117.82046128462527, 0.5683703278741692
117.87189019184316, 0.5350041901882037
117.8808917791118, 0.5036329186355676
117.92295419141107, 0.4507261371749216
117.95105080560688, 0.42312938613933126
117.97690076590783, 0.38244312005408176
117.99955415329089, 0.32486190955741023
118.0361752111298, 0.2851409901512938
118.05432008124666, 0.24216781430941514
118.06332670946406, 0.21149985592817844
118.08159515769117, 0.1857682980307036
118.10440192146615, 0.14958616173242578
118.11803398024126, 0.12062191112882603
118.13626809012435, 0.09009946746973985
118.1453090067754, 0.06421543135336794
118.16352529865146, 0.031207019355771193
118.1817418472095, -0.0017655803728433561
118.20605296699237, -0.0426054209942206
118.21349320415985, -0.07727080411566778
118.23636351454846, -0.10458691687774113
118.26193519950458, -0.14118906816416787
118.27894405937596, -0.17102202981741077
118.30945327877976, -0.20528482950875127
118.31386211253195, -0.23380070804054753
118.34132804628408, -0.26357181276053554
118.37341168874457, -0.29271656212809893
118.38856822454231, -0.3235312330806972
118.41907894125762, -0.357585127869642
118.45570917012955, -0.39602650474858403
118.49696010233286, -0.43342371647030986
118.54281601609665, -0.47197026450997637
118.58874155484583, -0.500802734588236
118.73154811688529, -0.5291584715700617
118.86105625226784, -0.48200160481340504
118.90748947944095, -0.44000138598597993
118.93557505060785, -0.38332067859782004
118.94002231535556, -0.40647466463478943
118.95790666752913, -0.35706803119577346
119.00082840924696, -0.29008117217766216
119.0098095094914, -0.32431079334720647
119.0196281297427, -0.24168962315917608
119.05685374195956, -0.19706311575370017
119.05711781542351, -0.16021958606290276
119.07584107202293, -0.12249627985763945
119.08531818047314, -0.08752283615772805
119.10414837006982, -0.03488023817302843
119.11319196524482, -0.060390566630669884
119.1264876589301, -0.007557201842515626
119.15068930385115, 0.022147206633404748
119.16755951267636, 0.05878783283648803
119.18259431704804, 0.09680737513728943
119.20231959946764, 0.145606051046953
119.22100155522448, 0.1775670636944643
119.23976211983577, 0.22049558371775735
119.26308424397367, 0.2562165252536305
119.27245217345933, 0.2759573198205112
119.29478607199815, 0.30252829850239904
119.30987597743353, 0.34823554121136746
119.32855643587885, 0.37998764895648285
119.35652371943617, 0.42016486905537076
119.39374833106866, 0.464651774930833
119.40319442021534, 0.4952974054027768
119.42647072662092, 0.5246258569253371
119.46272872385053, 0.5629779940380606
119.49628751761435, 0.6109190817836114
119.53714211145997, 0.6469520151249779
119.55043830876076, 0.6751283716219572
119.65379046439953, 0.702093853617446
119.73676349974791, 0.67121901815041
119.77326693932625, 0.6369061808460965
119.8099054034115, 0.5996137809303317
119.84654560437812, 0.5625637107013461
119.86454571109046, 0.49939314466272067
119.86474368894616, 0.5270150150906158
119.91654482780638, 0.4597644543220758
119.91935588044225, 0.42287160898912723
119.94368494657313, 0.3845356428407519
119.9704786772943, 0.34679695305735514
119.98305825013821, 0.29971713806009015
120.01044108310134, 0.2583518112571329
120.0332500037179, 0.22247059749683007
120.03573187241749, 0.18255910028124567
120.05583208164012, 0.15494029102355644
120.08326798360133, 0.12097915083265764
120.10139152772419, 0.07503057230951249
120.11957712471423, 0.03773960981280089
120.14078803961775, -0.006549906484013768
120.15589869351268, -0.04376602051717038
120.18325254280293, -0.08917514935936155
120.20758198326168, -0.12745888928213756
120.21040404113718, -0.16281628358247668
120.25008258234944, -0.20504803183187126
120.26520601686764, -0.24048099330529182
120.28956690086818, -0.27437773027775525
120.31073139911477, -0.3251432985488414
120.32009708263317, -0.3057158613355542
120.35200978202917, -0.3587105870599767
120.36253827766913, -0.39159305719153026
120.39306346839574, -0.4236275379239822
120.43427057928207, -0.46713869978916
120.48013797243414, -0.5040836435771248
120.50300366611225, -0.5320438797882523
120.55505707700733, -0.5640974462514652
120.69639632140508, -0.5826278860615983
120.81979784873387, -0.5292831567833871
120.8353399422464, -0.506304815369055
120.8724460167174, -0.47835621426659736
120.89113486723726, -0.44543324428281594
120.94156538139791, -0.39741985664050694
120.95643239062431, -0.34603187222968823
120.99553208190042, -0.2973883999310787
121.00314963283637, -0.26440587516614444
121.0311187464411, -0.22397332685321736
121.0498242016703, -0.1887336678208824
121.05622153997828, -0.15435884527133026
121.08734495656502, -0.10292885399989515
121.09682443575846, -0.06762464420452385
121.11239947012429, -0.0400503949374833
121.13422128812542, 0.0008932889432071711
121.16217160215226, 0.038702920148275366
121.17175214987286, 0.08810821085536624
121.19040041612062, 0.115368863198971
121.20907787994292, 0.1467031611392946
121.22780625235669, 0.18514022576107692
121.24648970542502, 0.21731014331098408
121.26518813160851, 0.2515691098848494
121.28379222716661, 0.2726670676077767
121.28767691632834, 0.2997498085417133
121.3212235176984, 0.3459898135106121
121.3436742065353, 0.3888553745793759
121.3679261611232, 0.4255789877757964
121.38663221646534, 0.4609023745666311
121.41829921417201, 0.5023546218715726
121.45177100700681, 0.5381573400026751
121.46123374839654, 0.5711262914248358
121.50757890869744, 0.6008394202430118
121.54472780627773, 0.6347627015539908
121.57261812802324, 0.6642022096697322
121.69273744869318, 0.6887043749936659
121.79204893071909, 0.642096892703012
121.82129461884684, 0.6031825730129274
121.85798049779669, 0.5725054950063644
121.87619753832851, 0.5396015354599655
121.90911233841027, 0.49769262468506326
121.9432785914552, 0.45875006769624493
121.94913607409691, 0.4178042276869748
121.97102035137833, 0.38164404853513856
122.0012164187741, 0.32820976120506173
122.018233406908, 0.27499137421677267
122.04009375572542, 0.235492695767601
122.07192280531818, 0.1708271494959971
122.07674444785471, 0.19990635255473566
122.09012535936111, 0.13590203501891862
122.11296665933914, 0.10453838977292573
122.13115824557522, 0.06808304688579758
122.13706663680841, 0.034239973557986136
122.17494861810582, -0.0011932685543922794
122.1857040206106, -0.045326783814821026
122.1947093868083, -0.07617081918521995
122.22216483937984, -0.10740425822197852
122.24040209361709, -0.13748800158603358
122.24937074003242, -0.17345518099137847
122.29524262511902, -0.20977341007215577
122.30426991623531, -0.23755848080032993
122.31331218046674, -0.2632545025045454
122.3573385292919, -0.29960740532715
122.35895522644367, -0.3315003641681544
122.3864199124362, -0.3614455563068055
122.41999862044315, -0.39654421517757155
122.45967512958977, -0.4390594772230749
122.52589028746807, -0.46908428640594946
122.56991394113251, -0.5058132180528667
122.68809074966529, -0.5377848915583556
122.8190815501326, -0.4983120467238342
122.84693603622256, -0.4738723292721001
122.88404390746736, -0.4456730422867674
122.9258256366023, -0.409013466109166
122.9399100973562, -0.37485859263173515
122.98076693716911, -0.33851230193677506
122.99576880068747, -0.30508866748868213
123.01435942044198, -0.2858708538873178
123.03320757777684, -0.23072139707386752
123.03668658107898, -0.26023994726621114
123.05184910612279, -0.20440081679104427
123.07973503575452, -0.17557409638899735
123.09843945118406, -0.1404795102055485
123.10789946532782, -0.1078910641413231
123.13394250394846, -0.0787299521535374
123.14527535533358, -0.04229779962713409
123.14543407035404, -0.020153879973174416
123.1733544381506, 0.01347765318397709
123.208754625614, 0.060875444441393256
123.22006806185983, 0.09459879673339733
123.23263150366773, 0.1310865614058363
123.26491490887432, 0.17272180128271808
123.28085915886926, 0.20889992421573467
123.29494062500015, 0.24263698788837385
123.31354022862374, 0.2631082309041135
123.32595593569559, 0.27898404520682907
123.34294822124525, 0.3203970757434662
123.38508925930739, 0.37653808279868717
123.42545902368488, 0.43074579056246054
123.44420767219205, 0.47201177573751996
123.4813341974428, 0.5028136696318677
123.51851393964027, 0.5410403919322011
123.55566448426323, 0.5751934686358156
123.69444055594617, 0.6281400807502635
123.80173565305292, 0.5797702109011484
123.83230027298272, 0.553236892598454
123.86894322900253, 0.5165712073898767
123.90556877877597, 0.4774770026909477
123.92371563283058, 0.43478062584474364
123.94195887631389, 0.40553250209027203
123.9602350606505, 0.3808802861885091
123.97846333101867, 0.34954311341007915
124.01141831894145, 0.31324121021548124
124.02951326869244, 0.2633031449277252
124.0514153425907, 0.22962594975865103
124.06587817396414, 0.18784381934423933
124.08776108227504, 0.15149264142449836
124.11976386991378, 0.11106702732755913
124.13341710495175, 0.08505728891498654
124.14240396865716, 0.05163178582212469
124.16062624977927, 0.019458993434111393
124.17509327362495, -0.021738203253591992
124.20316187526136, -0.053243266577433834
124.22137217789137, -0.0870872981846138
124.23348842266049, -0.11299246436106758
124.24250493313387, -0.14228165038649165
124.26995619323317, -0.17410002314995876
124.29122093648562, -0.21087940820564288
124.31370795651688, -0.24876310071621321
124.33833972021287, -0.28777579348754756
124.36487083425912, -0.3192456708464233
124.39779140968528, -0.3603488055692272
124.4251937076981, -0.39899836864103877
124.46176913021525, -0.4450863281378348
124.52338689766478, -0.49129229669674035
124.66486644207097, -0.5279703570478622
124.78881955208662, -0.5131932868266684
124.83980076316192, -0.48029471760171916
124.87693034542367, -0.4490663095316465
124.91784363388064, -0.40484430401636295
124.95132875991797, -0.36718133746868786
124.97001895088812, -0.3340713478579993
124.98871138782556, -0.30064800089371735
125.0074277817472, -0.2638821754911016
125.0261381864228, -0.22795196969806963
125.04946180787219, -0.1920221232598005
125.06817520717081, -0.15567410766197654
125.08689983630578, -0.11775930529618384
125.10098878899424, -0.08297771711156532
125.119744861671, -0.04067591179545982
125.13851441015139, 0.0035060376422082484
125.16187920766741, 0.04518076889636302
125.18062405050782, 0.08591578744449979
125.19471150588475, 0.12048847072672242
125.20413258992916, 0.14764538932865567
125.22285718341385, 0.18555521776820105
125.2322790517643, 0.21282156274757968
125.26019103461637, 0.24528322845131445
125.27345272269349, 0.29337213078950075
125.30702708849705, 0.3434858295199683
125.32578915041987, 0.38662325444565726
125.34451902014513, 0.4252692239698356
125.36315605655655, 0.4509630895454714
125.38490750091653, 0.482088243013557
125.41908962546351, 0.5311782598083166
125.44150617559788, 0.5692807891024549
125.47502768630501, 0.6120201447783492
125.5195795914715, 0.6489928626966862
125.58625068070572, 0.6825795962933467
125.64707327116733, 0.7093266382746914
125.74315123369078, 0.6824356578595479
125.77061943878836, 0.6602541785269387
125.78889761954031, 0.6358805024950369
125.8101865610105, 0.602477252778628
125.84990208344044, 0.5654051240233275
125.88633167256954, 0.4989704902233423
125.88964335131004, 0.5319249990064447
125.91072886637428, 0.4701396971339781
125.93505568653788, 0.43149037363200915
125.95320983998613, 0.38981240818498464
125.97136998268041, 0.3489700623475437
125.98497455509418, 0.316170914607106
126.00404371560846, 0.2734274622869102
126.02589008951841, 0.2319790047487107
126.03946621301341, 0.195210663862752
126.06226534762972, 0.15796410734750477
126.07582393118986, 0.118748594747766
126.08944347671876, 0.08803849603128688
126.11317376797528, 0.05197964123299492
126.12577424328794, 0.007816138673175876
126.15314360044744, -0.03542933225134415
126.17594690614582, -0.07209393939563147
126.18949832400085, -0.11230921117112147
126.2077026373848, -0.146988862387885
126.23051717291953, -0.1820866827642036
126.24406035556123, -0.223450931502871
126.27150382964066, -0.25635560975879623
126.28048096082124, -0.29113899471723137
126.31251743796903, -0.32686424851026397
126.33075244623902, -0.3572613492279124
126.35354676806833, -0.3951793857865751
126.3901546869987, -0.4367334457112151
126.41448734667719, -0.47456804009384035
126.44498683355616, -0.5101887216507539
126.48162754360868, -0.5471677642129251
126.5256759029131, -0.5804497649703106
126.66578685503438, -0.5987151795535592
126.7952896000955, -0.5523103704455272
126.85092071207669, -0.5142939904666428
126.86961539498138, -0.480557286148767
126.91794576575276, -0.4313221379436045
126.97470046029386, -0.408179882843241
126.97578109140349, -0.38000763302581353
126.99611045773625, -0.3388752214993225
127.0000349711062, -0.3062362070328062
